full_name,title,pages_count,publisher,year,cover,raw_title
Клайв Баркер,Книга крови,477,"""КЭДМЭН""",1994,/media/andrew/00D83D2AD83D1F7A/Work/Books_files/DSCN1021_compressed.jpg,"Баркер, Клайв. - Книга крови. - 477 с. - ""КЭДМЭН"", 1994"
Подвиг: Платонов В,"Одухотворенные люди; Вайнер А., Вайнер Г",0,"""Молодая гвардия""",1983,/media/andrew/00D83D2AD83D1F7A/Work/Books_files/DSCN1042_compressed.jpg,"Подвиг: Платонов В. - Одухотворенные люди; Вайнер А., Вайнер Г. - Эра милосердия. - ""Молодая гвардия"", 1983"
Александр С Пушкин,Повести Покойного Ивана Петровича Белкина; Дубровский; Капитанская дочка,239,"""Правда"", Москва",1977,/media/andrew/00D83D2AD83D1F7A/Work/Books_files/DSCN1013_compressed.jpg,"Пушкин, Александр С. - Повести Покойного Ивана Петровича Белкина; Дубровский; Капитанская дочка. - 239 с. - ""Правда"", Москва, 1977"
Pavel Martin; Lach Dubanek,Mala kniha o velkych bunkrech,294,Mlada fronta,2013,/media/andrew/00D83D2AD83D1F7A/Work/Books_files/DSCN1211_compressed.jpg,"Dubanek, Martin; Lach, Pavel. - Mala kniha o velkych bunkrech. - 294 с. - Mlada fronta, 2013"
Колин Маккалой,Поющие в терновике,656,Б.: Кыргызстан,1992,/media/andrew/00D83D2AD83D1F7A/Work/Books_files/DSCN1300_compressed.jpg,"Маккалой, Колин. - Поющие в терновике. - 656 с. - Б.: Кыргызстан, 1992"
Михаил А Шолохов,Поднятая целина,695,Гос. изд-во худож. лит.,1963,/media/andrew/00D83D2AD83D1F7A/Work/Books_files/DSCN1006_compressed.jpg,"Шолохов, Михаил А. - Поднятая целина. - 695 с. - Гос. изд-во худож. лит., 1963"
Микки Спиллейн,Суд - это я,448,Запорожье: Дайнэмик,1992,/media/andrew/00D83D2AD83D1F7A/Work/Books_files/DSCN1068_compressed.jpg,"Спиллейн, Микки. - Суд - это я. - 448 с. - Запорожье: Дайнэмик, 1992"
Джеймс Ф Купер,Последний из могикан,267,Запорожье: Рос. культура,1992,/media/andrew/00D83D2AD83D1F7A/Work/Books_files/DSCN1178_compressed.jpg,"Купер, Джеймс Ф. - Последний из могикан. - 267 с. - Запорожье: Рос. культура, 1992"
Джеймс Ф Купер,Прерия,319,Запорожье: Рос. культура,1992,/media/andrew/00D83D2AD83D1F7A/Work/Books_files/DSCN1179_compressed.jpg,"Купер, Джеймс Ф. - Прерия. - 319 с. - Запорожье: Рос. культура, 1992"
Клиффорд Саймак,Кольцо вокруг Солнца; Заповедник гоблинов,336,Запорожье: Рос. культура,1992,/media/andrew/00D83D2AD83D1F7A/Work/Books_files/DSCN1067_compressed.jpg,"Саймак, Клиффорд. - Кольцо вокруг Солнца; Заповедник гоблинов. - 336 с. - Запорожье: Рос. культура, 1992"
Роджер Желязны,"Хроники Амбера, т. 1-2",351,Запорожье: Рос. культура,1993,/media/andrew/00D83D2AD83D1F7A/Work/Books_files/DSCN1129_compressed.jpg,"Желязны, Роджер. - Хроники Амбера, т. 1-2. - 351 с., 448 с. - Запорожье: Рос. культура, 1993"
Клиффорд Саймак,Пересадочная станция; Снова и снова,384,Запорожье: Рос. культура,1992,/media/andrew/00D83D2AD83D1F7A/Work/Books_files/DSCN1069_compressed.jpg,"Саймак, Клиффорд. - Пересадочная станция; Снова и снова. - 384 с. - Запорожье: Рос. культура, 1992"
Клиффорд Саймак,Что может быть проще времени?; Город,392,Запорожье: Рос. культура,1993,/media/andrew/00D83D2AD83D1F7A/Work/Books_files/DSCN1070_compressed.jpg,"Саймак, Клиффорд. - Что может быть проще времени?; Город. - 392 с. - Запорожье: Рос. культура, 1993"
Морис Дрюон,Железный король; Узница Шато-Гайара,432,Запорожье: Российская культура,1992,/media/andrew/00D83D2AD83D1F7A/Work/Books_files/DSCN1096_compressed.jpg,"Дрюон, Морис. - Железный король; Узница Шато-Гайара. - 432 с. - Запорожье: Российская культура, 1992"
Джейм Чейз,Гроб из Гонкога; Гриф-птица терпеливая; Положите её среди лилий,432,Запорожье: Российская культура,1992,/media/andrew/00D83D2AD83D1F7A/Work/Books_files/DSCN1099_compressed.jpg,"Чейз, Джейм. - Гроб из Гонкога; Гриф-птица терпеливая; Положите её среди лилий. - 432 с. - Запорожье: Российская культура, 1992"
Эдгар Берроуз,Тарзан: Приемыш обезьян; Возвращение в джунгли,368,Запорожье: Росстйская культура,1992,/media/andrew/00D83D2AD83D1F7A/Work/Books_files/DSCN1059_compressed.jpg,"Берроуз, Эдгар. - Тарзан: Приемыш обезьян; Возвращение в джунгли. - 368 с. - Запорожье: Росстйская культура, 1992"
Самуил Я Маршак,Про всё на свете,448,Кишинев: Лит. артистикэ,1987,/media/andrew/00D83D2AD83D1F7A/Work/Books_files/DSCN1003_compressed.jpg,"Маршак, Самуил Я. - Про всё на свете. - 448 с. - Кишинев: Лит. артистикэ, 1987"
Джеймс Ф Купер,"Зверобой, или Первая тропа войны",319,Кишинев: Лумина,1982,/media/andrew/00D83D2AD83D1F7A/Work/Books_files/DSCN1312_compressed.jpg,"Купер, Джеймс Ф. - Зверобой, или Первая тропа войны. - 319 с. - Кишинев: Лумина, 1982"
Леонид Соловьев,Повесть о Ходже Насреддине,576,Л.: Лениздат,1980,/media/andrew/00D83D2AD83D1F7A/Work/Books_files/DSCN1084_compressed.jpg,"Соловьев, Леонид. - Повесть о Ходже Насреддине. - 576 с. - Л.: Лениздат, 1980"
Генрих Сенкевич,Камо глядеши; Ганя,703,Лениздат,1990,/media/andrew/00D83D2AD83D1F7A/Work/Books_files/DSCN1126_compressed.jpg,"Сенкевич, Генрих. - Камо глядеши; Ганя. - 703 с. - Лениздат, 1990"
Эдгар Берроуз,Закоренелый Преступник,155,"М: Физкультура и спорт, 1991.",1991,/media/andrew/00D83D2AD83D1F7A/Work/Books_files/DSCN1015_compressed.jpg,"Берроуз, Эдгар. - Закоренелый Преступник. - 155 с. - М: Физкультура и спорт, 1991."
Эдгар Берроуз,Боксер Билли,159,"М: Физкультура и спорт, 1991.",1991,/media/andrew/00D83D2AD83D1F7A/Work/Books_files/DSCN1014_compressed.jpg,"Берроуз, Эдгар. - Боксер Билли. - 159 с. - М: Физкультура и спорт, 1991."
Роберт Ладлэм,Ультиматум Борна,736,М.; Эксмо,2007,/media/andrew/00D83D2AD83D1F7A/Work/Books_files/DSCN1076_compressed.jpg,"Ладлэм, Роберт. - Ультиматум Борна. - 736 с. - М.; Эксмо, 2007"
Дэвид Моррелл,Рэмбо,447,"М.: ""Белая Русь""",1993,/media/andrew/00D83D2AD83D1F7A/Work/Books_files/DSCN1090_compressed.jpg,"Моррелл, Дэвид. - Рэмбо. - 447 с. - М.: ""Белая Русь"", 1993"
Петр Р Ляхов,Рекорды человечества,160,"М.: ""Издательство АСТ"", ""Индательство Астрель""",2001,/media/andrew/00D83D2AD83D1F7A/Work/Books_files/DSCN1050_compressed.jpg,"Ляхов, Петр Р. - Рекорды человечества. - 160 с. - М.: ""Издательство АСТ"", ""Индательство Астрель"", 2001"
Артур К Дойл,Белый Отряд; Рассказы,446,"М.: ""Правда""",1966,/media/andrew/00D83D2AD83D1F7A/Work/Books_files/DSCN1048_compressed.jpg,"Дойл, Артур К. - Белый Отряд; Рассказы. - 446 с. - М.: ""Правда"", 1966"
Дмитрий Письменный,Конспект лекций по высшей математике,608,М.: Айрин-пресс,2009,/media/andrew/00D83D2AD83D1F7A/Work/Books_files/DSCN1159_compressed.jpg,"Письменный, Дмитрий. - Конспект лекций по высшей математике. - 608 с. - М.: Айрин-пресс, 2009"
Д Розенталь,Справочник по правописанию и литературной правке,368,М.: Айрис-пресс,2008,/media/andrew/00D83D2AD83D1F7A/Work/Books_files/DSCN1301_compressed.jpg,"Розенталь, Д. - Справочник по правописанию и литературной правке. - 368 с. - М.: Айрис-пресс, 2008"
Эдгар А По,Полное собрание сочинений в одном томе,1101,М.: Альфа-книга,2009,/media/andrew/00D83D2AD83D1F7A/Work/Books_files/DSCN1196_compressed.jpg,"По, Эдгар А. - Полное собрание сочинений в одном томе. - 1101 с. - М.: Альфа-книга, 2009"
Артур К Дойл,Полное собрание сочинений о Шерлоке Холмсе в одном томе,1150,М.: Альфа-книга,2010,/media/andrew/00D83D2AD83D1F7A/Work/Books_files/DSCN1198_compressed.jpg,"Дойл, Артур К. - Полное собрание сочинений о Шерлоке Холмсе в одном томе. - 1150 с. - М.: Альфа-книга, 2010"
Александр Дюма,Жозеф Бальзамо,1165,М.: Альфа-книга,2010,/media/andrew/00D83D2AD83D1F7A/Work/Books_files/DSCN1197_compressed.jpg,"Дюма, Александр. - Жозеф Бальзамо. - 1165 с. - М.: Альфа-книга, 2010"
Френсис С Фицджеральд,Великий Гэтсби,253,М.: АСТ,2014,/media/andrew/00D83D2AD83D1F7A/Work/Books_files/DSCN1204_compressed.jpg,"Фицджеральд, Френсис С. - Великий Гэтсби. - 253 с. - М.: АСТ, 2014"
Джон Р Толкиен,Дети Хурина,320,М.: АСТ,2015,/media/andrew/00D83D2AD83D1F7A/Work/Books_files/DSCN1314_compressed.jpg,"Толкиен, Джон Р. - Дети Хурина. - 320 с. - М.: АСТ, 2015"
Джон Р Толкиен,Сильмариллион,414,М.: АСТ,2014,/media/andrew/00D83D2AD83D1F7A/Work/Books_files/DSCN1164_compressed.jpg,"Толкиен, Джон Р. - Сильмариллион. - 414 с. - М.: АСТ, 2014"
Эдуард Тополь,Московский полет,445,М.: АСТ,2004,/media/andrew/00D83D2AD83D1F7A/Work/Books_files/DSCN1086_compressed.jpg,"Тополь, Эдуард. - Московский полет. - 445 с. - М.: АСТ, 2004"
Джек Макдевит,Военный талант,464,М.: АСТ,1995,/media/andrew/00D83D2AD83D1F7A/Work/Books_files/DSCN1106_compressed.jpg,"Макдевит, Джек. - Военный талант. - 464 с. - М.: АСТ, 1995"
Стивен Кинг,Жребий,477,М.: АСТ,2007,/media/andrew/00D83D2AD83D1F7A/Work/Books_files/DSCN1038_compressed.jpg,"Кинг, Стивен. - Жребий. - 477 с. - М.: АСТ, 2007"
Дэн Браун,Точка обмана,508,М.: АСТ,2010,/media/andrew/00D83D2AD83D1F7A/Work/Books_files/DSCN1203_compressed.jpg,"Браун, Дэн. - Точка обмана. - 508 с. - М.: АСТ, 2010"
Дэн Браун,Код да Винчи,542,М.: АСТ,2005,/media/andrew/00D83D2AD83D1F7A/Work/Books_files/DSCN1201_compressed.jpg,"Браун, Дэн. - Код да Винчи. - 542 с. - М.: АСТ, 2005"
Дэн Браун,Инферно,543,М.: АСТ,2013,/media/andrew/00D83D2AD83D1F7A/Work/Books_files/DSCN1202_compressed.jpg,"Браун, Дэн. - Инферно. - 543 с. - М.: АСТ, 2013"
Анджей Сапковский,Крещение огнем; Башня ласточки,613,М.: АСТ,2008,/media/andrew/00D83D2AD83D1F7A/Work/Books_files/DSCN1073_compressed.jpg,"Сапковский, Анджей. - Крещение огнем; Башня ласточки. - 613 с. - М.: АСТ, 2008"
Анджей Сапковский,Кровь эльфов; Час презрения,638,М.: АСТ,2009,/media/andrew/00D83D2AD83D1F7A/Work/Books_files/DSCN1072_compressed.jpg,"Сапковский, Анджей. - Кровь эльфов; Час презрения. - 638 с. - М.: АСТ, 2009"
Анджей Сапковский,Владычица озера; Дорога без возврата,667,М.: АСТ,2007,/media/andrew/00D83D2AD83D1F7A/Work/Books_files/DSCN1074_compressed.jpg,"Сапковский, Анджей. - Владычица озера; Дорога без возврата. - 667 с. - М.: АСТ, 2007"
Артур Хейли,Перегрузка,669,"М.: АСТ, Хранитель",2007,/media/andrew/00D83D2AD83D1F7A/Work/Books_files/DSCN1190_compressed.jpg,"Хейли, Артур. - Перегрузка. - 669 с. - М.: АСТ, Хранитель, 2007"
Иан Грэм,Космос: тайны звездного неба,123,М.: АСТ; Астрель,2001,/media/andrew/00D83D2AD83D1F7A/Work/Books_files/DSCN1154_compressed.jpg,"Грэм, Иан. - Космос: тайны звездного неба. - 123 с. - М.: АСТ; Астрель, 2001"
Владимир С Пуронен,Оружие. Мундиры. Знамена. Ордена,302,М.: АСТ; СПб.: Полигон,2005,/media/andrew/00D83D2AD83D1F7A/Work/Books_files/DSCN1169_compressed.jpg,"Пуронен, Владимир С. - Оружие. Мундиры. Знамена. Ордена. - 302 с. - М.: АСТ; СПб.: Полигон, 2005"
Лев Н Гумилев,Древняя Русь и Великая степь,655,М.: АСТ; Хранитель,2007,/media/andrew/00D83D2AD83D1F7A/Work/Books_files/DSCN1192_compressed.jpg,"Гумилев, Лев Н. - Древняя Русь и Великая степь. - 655 с. - М.: АСТ; Хранитель, 2007"
Умберто Эко,Баудолино,624,М.: АСТ: Corvus,2012,/media/andrew/00D83D2AD83D1F7A/Work/Books_files/DSCN1149_compressed.jpg,"Эко, Умберто. - Баудолино. - 624 с. - М.: АСТ: Corvus, 2012"
Умберто Эко,Маятник Фуко,832,М.: АСТ: Corvus,2015,/media/andrew/00D83D2AD83D1F7A/Work/Books_files/DSCN1150_compressed.jpg,"Эко, Умберто. - Маятник Фуко. - 832 с. - М.: АСТ: Corvus, 2015"
Дэй Альберт; Дэвид Джексон,Мастер золотые руки,560,М.: АСТ: Астрель,2011,/media/andrew/00D83D2AD83D1F7A/Work/Books_files/DSCN1214_compressed.jpg,"Джексон, Альберт; Дэвид, Дэй. - Мастер золотые руки. - 560 с. - М.: АСТ: Астрель, 2011"
Аркадий Борис; Стругацкий Стругацкий,"Пикник на обочине; Отель ""У погибшего альпиниста""; Улитка на склоне",619,М.: АСТ: Астрель; СПб.: Terra Fantastica,2012,/media/andrew/00D83D2AD83D1F7A/Work/Books_files/DSCN1199_compressed.jpg,"Стругацкий, Борис; Стругацкий, Аркадий. - Пикник на обочине; Отель ""У погибшего альпиниста""; Улитка на склоне. - 619 с. - М.: АСТ: Астрель; СПб.: Terra Fantastica, 2012"
Билл Брайсон,Краткая история почти всего на свете,607,М.: Астрель,2014,/media/andrew/00D83D2AD83D1F7A/Work/Books_files/DSCN1158_compressed.jpg,"Брайсон, Билл. - Краткая история почти всего на свете. - 607 с. - М.: Астрель, 2014"
Людмила Улицкая,Тот и этот свет: Медея и ее дети; Веселые походы; Казус Кукоцкого,861,М.: Астрель,2013,/media/andrew/00D83D2AD83D1F7A/Work/Books_files/DSCN1200_compressed.jpg,"Улицкая, Людмила. - Тот и этот свет: Медея и ее дети; Веселые походы; Казус Кукоцкого. - 861 с. - М.: Астрель, 2013"
Б.И Хигир,Имя и профессия,686,"М.: Астрель, АСТ",2003,/media/andrew/00D83D2AD83D1F7A/Work/Books_files/DSCN1105_compressed.jpg,"Хигир, Б.И. - Имя и профессия. - 686 с. - М.: Астрель, АСТ, 2003"
Виктор Гюго,Девяносто третий год,352,М.: Беларусь,1977,/media/andrew/00D83D2AD83D1F7A/Work/Books_files/DSCN1125_compressed.jpg,"Гюго, Виктор. - Девяносто третий год. - 352 с. - М.: Беларусь, 1977"
Николай И Белавин,Боевые катера,112,М.: ДОСААФ,1987,/media/andrew/00D83D2AD83D1F7A/Work/Books_files/DSCN1011_compressed.jpg,"Белавин, Николай И. - Боевые катера. - 112 с. - М.: ДОСААФ, 1987"
Владимир А Обручев,Плутония,311,М.: изд-во географической литературы,1951,/media/andrew/00D83D2AD83D1F7A/Work/Books_files/DSCN1110_compressed.jpg,"Обручев, Владимир А. - Плутония. - 311 с. - М.: изд-во географической литературы, 1951"
Н. Г Чернышевский,Что делать?,368,М.: изд-во мин-ва просвещения РСФСР,1957,/media/andrew/00D83D2AD83D1F7A/Work/Books_files/DSCN1018_compressed.jpg,"Чернышевский, Н. Г. - Что делать?. - 368 с. - М.: изд-во мин-ва просвещения РСФСР, 1957"
Валерий В Фаронов,Турбо Паскаль 7.0: Учебный курс,368,М.: КНОРУС,2009,/media/andrew/00D83D2AD83D1F7A/Work/Books_files/DSCN1298_compressed.jpg,"Фаронов, Валерий В. - Турбо Паскаль 7.0: Учебный курс. - 368 с. - М.: КНОРУС, 2009"
Гастон Леру,Призрак оперы,480,М.: Крим-пресс,1992,/media/andrew/00D83D2AD83D1F7A/Work/Books_files/DSCN1033_compressed.jpg,"Леру, Гастон. - Призрак оперы. - 480 с. - М.: Крим-пресс, 1992"
Лукина Мария П,Художественная штопка,50,М.: Легкая индустрия,1966,/media/andrew/00D83D2AD83D1F7A/Work/Books_files/DSCN1016_compressed.jpg,"Лукина Мария П. - Художественная штопка. - 50 с. - М.: Легкая индустрия, 1966"
Валерий Т Стигнеев,Популярная эстетика фотографии,360,М.: Либроком,2014,/media/andrew/00D83D2AD83D1F7A/Work/Books_files/DSCN1165_compressed.jpg,"Стигнеев, Валерий Т. - Популярная эстетика фотографии. - 360 с. - М.: Либроком, 2014"
Джессика Хэги,Как быть интересным,288,"М.: Манн, Иванов и Фербер",2015,/media/andrew/00D83D2AD83D1F7A/Work/Books_files/DSCN1174_compressed.jpg,"Хэги, Джессика. - Как быть интересным. - 288 с. - М.: Манн, Иванов и Фербер, 2015"
Е.А Горбунов,20 августа 1939,239,М.: Мол. гвардия,1986,/media/andrew/00D83D2AD83D1F7A/Work/Books_files/DSCN1109_compressed.jpg,"Горбунов, Е.А. - 20 августа 1939. - 239 с. - М.: Мол. гвардия, 1986"
Лев Н Толстой,"Анна Каренина, т. 1-2",576,М.: ОГИЗ,1947,/media/andrew/00D83D2AD83D1F7A/Work/Books_files/DSCN1113_compressed.jpg,"Толстой, Лев Н. - Анна Каренина, т. 1-2. - 576 с., 504 с. - М.: ОГИЗ, 1947"
Виктория Холт,Тень рыси,352,М.: Панорама,1994,/media/andrew/00D83D2AD83D1F7A/Work/Books_files/DSCN1189_compressed.jpg,"Холт, Виктория. - Тень рыси. - 352 с. - М.: Панорама, 1994"
Виктор Гюго,Собор Парижской Богоматери,560,М.: Правда,1984,/media/andrew/00D83D2AD83D1F7A/Work/Books_files/DSCN1071_compressed.jpg,"Гюго, Виктор. - Собор Парижской Богоматери. - 560 с. - М.: Правда, 1984"
Сомерсет Моэм,Луна и грош; Театр; Рассказы,576,М.: Правда,1983,/media/andrew/00D83D2AD83D1F7A/Work/Books_files/DSCN1181_compressed.jpg,"Моэм, Сомерсет. - Луна и грош; Театр; Рассказы. - 576 с. - М.: Правда, 1983"
Роберт Л Стивенсон,Владетель Баллантрэ. Рассказы и повести,592,М.: Правда,1987,/media/andrew/00D83D2AD83D1F7A/Work/Books_files/DSCN1027_compressed.jpg,"Стивенсон, Роберт Л. - Владетель Баллантрэ. Рассказы и повести. - 592 с. - М.: Правда, 1987"
Джеральд Дарелл,Под пологом пьяного леса,592,М.: Правда,1988,/media/andrew/00D83D2AD83D1F7A/Work/Books_files/DSCN1180_compressed.jpg,"Дарелл, Джеральд. - Под пологом пьяного леса. - 592 с. - М.: Правда, 1988"
Р Штильмарк,Наследник из Калькутты,768,М.: Правда,1990,/media/andrew/00D83D2AD83D1F7A/Work/Books_files/DSCN1128_compressed.jpg,"Штильмарк, Р. - Наследник из Калькутты. - 768 с. - М.: Правда, 1990"
Генри Р Хаггард,Полное собрание приключений Аллана Квотермейна,992,М.: Престиж Бук; Армада-Арбалет,2010,/media/andrew/00D83D2AD83D1F7A/Work/Books_files/DSCN1152_compressed.jpg,"Хаггард, Генри Р. - Полное собрание приключений Аллана Квотермейна. - 992 с. - М.: Престиж Бук; Армада-Арбалет, 2010"
Олег Мороз,Группа риска,96,М.: Просвещение,1990,/media/andrew/00D83D2AD83D1F7A/Work/Books_files/DSCN1101_compressed.jpg,"Мороз, Олег. - Группа риска. - 96 с. - М.: Просвещение, 1990"
Стивен Джуан,История тела: 2640 фактов,688,М.: Рипол-классик,2014,/media/andrew/00D83D2AD83D1F7A/Work/Books_files/DSCN1168_compressed.jpg,"Джуан, Стивен. - История тела: 2640 фактов. - 688 с. - М.: Рипол-классик, 2014"
Омар Хайям,Омар Хайям и персидские поэты X-XVI веков,416,М.: РООССА,2006,/media/andrew/00D83D2AD83D1F7A/Work/Books_files/DSCN1213_compressed.jpg,"Хайям, Омар. - Омар Хайям и персидские поэты X-XVI веков. - 416 с. - М.: РООССА, 2006"
Джоан Роулинг,Гарри Поттер и философский камень,399,М.: РОСМЭН,2002,/media/andrew/00D83D2AD83D1F7A/Work/Books_files/DSCN1139_compressed.jpg,"Роулинг, Джоан. - Гарри Поттер и философский камень. - 399 с. - М.: РОСМЭН, 2002"
Джоан Роулинг,Гарри Поттер и Тайная комната,473,М.: РОСМЭН,2001,/media/andrew/00D83D2AD83D1F7A/Work/Books_files/DSCN1140_compressed.jpg,"Роулинг, Джоан. - Гарри Поттер и Тайная комната. - 473 с. - М.: РОСМЭН, 2001"
Джоан Роулинг,Гарри Поттер и узник Азкабана,572,М.: РОСМЭН,2001,/media/andrew/00D83D2AD83D1F7A/Work/Books_files/DSCN1141_compressed.jpg,"Роулинг, Джоан. - Гарри Поттер и узник Азкабана. - 572 с. - М.: РОСМЭН, 2001"
Джоан Роулинг,Гарри Поттер и дары смерти,640,М.: РОСМЭН,2007,/media/andrew/00D83D2AD83D1F7A/Work/Books_files/DSCN1145_compressed.jpg,"Роулинг, Джоан. - Гарри Поттер и дары смерти. - 640 с. - М.: РОСМЭН, 2007"
Джоан Роулинг,Гарри Поттер и Кубок огня,667,М.: РОСМЭН,2002,/media/andrew/00D83D2AD83D1F7A/Work/Books_files/DSCN1142_compressed.jpg,"Роулинг, Джоан. - Гарри Поттер и Кубок огня. - 667 с. - М.: РОСМЭН, 2002"
Джоан Роулинг,Гарри Поттер и Принц-полукровка,672,М.: РОСМЭН,2006,/media/andrew/00D83D2AD83D1F7A/Work/Books_files/DSCN1144_compressed.jpg,"Роулинг, Джоан. - Гарри Поттер и Принц-полукровка. - 672 с. - М.: РОСМЭН, 2006"
Джоан Роулинг,Гарри Поттер и Орден феникса,827,М.: РОСМЭН,2004,/media/andrew/00D83D2AD83D1F7A/Work/Books_files/DSCN1143_compressed.jpg,"Роулинг, Джоан. - Гарри Поттер и Орден феникса. - 827 с. - М.: РОСМЭН, 2004"
Дэвид Колберт,Волшебные миры Гарри Поттера,166,М.: РОСМЭН-пресс,2002,/media/andrew/00D83D2AD83D1F7A/Work/Books_files/DSCN1299_compressed.jpg,"Колберт, Дэвид. - Волшебные миры Гарри Поттера. - 166 с. - М.: РОСМЭН-пресс, 2002"
Стив Макконнелл,Совершенный код,896,М.: Русская редакция,2013,/media/andrew/00D83D2AD83D1F7A/Work/Books_files/DSCN1173_compressed.jpg,"Макконнелл, Стив. - Совершенный код. - 896 с. - М.: Русская редакция, 2013"
Антон П Чехов,Толстый и тонкий; Рассказы,80,М.: Сов. Россия,1989,/media/andrew/00D83D2AD83D1F7A/Work/Books_files/DSCN1044_compressed.jpg,"Чехов, Антон П. - Толстый и тонкий; Рассказы. - 80 с. - М.: Сов. Россия, 1989"
Вера Биркенбиль,115 идей для лучшей жизни,304,М.: Фаир-пресс,2001,/media/andrew/00D83D2AD83D1F7A/Work/Books_files/DSCN1296_compressed.jpg,"Биркенбиль, Вера. - 115 идей для лучшей жизни. - 304 с. - М.: Фаир-пресс, 2001"
Герман Нагаев,Избранное: Пионеры Вселенной,607,М.: Худ. лит.,1987,/media/andrew/00D83D2AD83D1F7A/Work/Books_files/DSCN1176_compressed.jpg,"Нагаев, Герман. - Избранное: Пионеры Вселенной. - 607 с. - М.: Худ. лит., 1987"
Лев Н Толстой,"Война и мир, т.1-2",732,М.: Худ. литература,1968,/media/andrew/00D83D2AD83D1F7A/Work/Books_files/DSCN1147_compressed.jpg,"Толстой, Лев Н. - Война и мир, т.1-2. - 732 с., 716 с. - М.: Худ. литература, 1968"
Рафаэль Сабатини,Морской ястреб; Скарамуш,686,М.: Худож. лит.,1991,/media/andrew/00D83D2AD83D1F7A/Work/Books_files/DSCN1061_compressed.jpg,"Сабатини, Рафаэль. - Морской ястреб; Скарамуш. - 686 с. - М.: Худож. лит., 1991"
Сэм Кин,Исчезающая ложка,464,М.: Эксмо,2015,/media/andrew/00D83D2AD83D1F7A/Work/Books_files/DSCN1167_compressed.jpg,"Кин, Сэм. - Исчезающая ложка. - 464 с. - М.: Эксмо, 2015"
Виктор Гюго,"Человек, который смеется",768,М.: Эксмо,2013,/media/andrew/00D83D2AD83D1F7A/Work/Books_files/DSCN1297_compressed.jpg,"Гюго, Виктор. - Человек, который смеется. - 768 с. - М.: Эксмо, 2013"
Ник Перумов,Кольцо Тьмы,1344,М.: Эксмо,2003,/media/andrew/00D83D2AD83D1F7A/Work/Books_files/DSCN1066_compressed.jpg,"Перумов, Ник. - Кольцо Тьмы. - 1344 с. - М.: Эксмо, 2003"
Дин Кунц,Фантомы,480,М.: ЭКСМО-Пресс,2001,/media/andrew/00D83D2AD83D1F7A/Work/Books_files/DSCN1107_compressed.jpg,"Кунц, Дин. - Фантомы. - 480 с. - М.: ЭКСМО-Пресс, 2001"
Роберт Говард,Конан из Киммерии,928,М.: ЭКСМО-Пресс,2002,/media/andrew/00D83D2AD83D1F7A/Work/Books_files/DSCN1065_compressed.jpg,"Говард, Роберт. - Конан из Киммерии. - 928 с. - М.: ЭКСМО-Пресс, 2002"
Джон Р Толкиен,Властелин Колец,992,М.: Эксмо-пресс,2002,/media/andrew/00D83D2AD83D1F7A/Work/Books_files/DSCN1131_compressed.jpg,"Толкиен, Джон Р. - Властелин Колец. - 992 с. - М.: Эксмо-пресс, 2002"
Морис Дрюон,Железный король,320,М.: ЭКСМО; СПб.: Домино,2010,/media/andrew/00D83D2AD83D1F7A/Work/Books_files/DSCN1093_compressed.jpg,"Дрюон, Морис. - Железный король. - 320 с. - М.: ЭКСМО; СПб.: Домино, 2010"
Морис Дрюон,Узника Шато-Гийара,352,М.: Эксмо; СПб.: Домино,2010,/media/andrew/00D83D2AD83D1F7A/Work/Books_files/DSCN1188_compressed.jpg,"Дрюон, Морис. - Узника Шато-Гийара. - 352 с. - М.: Эксмо; СПб.: Домино, 2010"
Говард Ф Лавкрафт,Маска Ктулху,576,М.: Эксмо; СПб.: Домино,2011,/media/andrew/00D83D2AD83D1F7A/Work/Books_files/DSCN1081_compressed.jpg,"Лавкрафт, Говард Ф. - Маска Ктулху. - 576 с. - М.: Эксмо; СПб.: Домино, 2011"
Говард Ф Лавкрафт,Зов Ктулху,704,М.: Эксмо; СПб.: Домино,2010,/media/andrew/00D83D2AD83D1F7A/Work/Books_files/DSCN1082_compressed.jpg,"Лавкрафт, Говард Ф. - Зов Ктулху. - 704 с. - М.: Эксмо; СПб.: Домино, 2010"
Роберт Говард,Конан Бессмертный,960,М.: Эксмо; СПб.: Домино,2003,/media/andrew/00D83D2AD83D1F7A/Work/Books_files/DSCN1146_compressed.jpg,"Говард, Роберт. - Конан Бессмертный. - 960 с. - М.: Эксмо; СПб.: Домино, 2003"
Джеймс Клавелл,"Сёгун, 1-6 ч",477,М.: Эрика; Олма-пресс; Крон-пресс,1993,/media/andrew/00D83D2AD83D1F7A/Work/Books_files/DSCN1313_compressed.jpg,"Клавелл, Джеймс. - Сёгун, 1-6 ч. - 477+390+398 с. - М.: Эрика; Олма-пресс; Крон-пресс, 1993"
Джеймс Роллинс,"Песчаный дьявол, т.1-2",352,М.: Эскмо,2013,/media/andrew/00D83D2AD83D1F7A/Work/Books_files/DSCN1156_compressed.jpg,"Роллинс, Джеймс. - Песчаный дьявол, т.1-2. - 352+416 с. - М.: Эскмо, 2013"
Джеймс Роллинс,Черный орден,608,М.: Эскмо,2014,/media/andrew/00D83D2AD83D1F7A/Work/Books_files/DSCN1157_compressed.jpg,"Роллинс, Джеймс. - Черный орден. - 608 с. - М.: Эскмо, 2014"
Гарриет Бичер-Стоу,Хижина дяди Тома,272,"Мн., ""Маст. лiт."", 1977.",1977,/media/andrew/00D83D2AD83D1F7A/Work/Books_files/DSCN1008_compressed.jpg,"Бичер-Стоу, Гарриет. - Хижина дяди Тома. - 272 с. - Мн., ""Маст. лiт."", 1977."
Михаил Е Салтыков-Щедрин,Господа Головлевы,384,"Мн., изд-во БГУ",1976,/media/andrew/00D83D2AD83D1F7A/Work/Books_files/DSCN1009_compressed.jpg,"Салтыков-Щедрин, Михаил Е. - Господа Головлевы. - 384 с. - Мн., изд-во БГУ, 1976"
Дерек Картун,Бесы в Париже; Падение Иерусалима,494,Мн.; Оракул,1993,/media/andrew/00D83D2AD83D1F7A/Work/Books_files/DSCN1077_compressed.jpg,"Картун, Дерек. - Бесы в Париже; Падение Иерусалима. - 494 с. - Мн.; Оракул, 1993"
Маргарет Митчелл,"Унесенные ветром, т.1-2",656,"Мн.: ""Белфакс""",1991,/media/andrew/00D83D2AD83D1F7A/Work/Books_files/DSCN1054_compressed.jpg,"Митчелл, Маргарет. - Унесенные ветром, т.1-2. - 656 с., 640 с. - Мн.: ""Белфакс"", 1991"
У Крэйвен,Кошмар на улице Вязов,432,"Мн.: ""Валев""",1993,/media/andrew/00D83D2AD83D1F7A/Work/Books_files/DSCN1047_compressed.jpg,"Крэйвен, У. - Кошмар на улице Вязов. - 432 с. - Мн.: ""Валев"", 1993"
Эрнест Хэмингуэй,Старик и море,80,"Мн.: ""Вышэйшая школа""",1976,/media/andrew/00D83D2AD83D1F7A/Work/Books_files/DSCN1045_compressed.jpg,"Хэмингуэй, Эрнест. - Старик и море. - 80 с. - Мн.: ""Вышэйшая школа"", 1976"
Александр Дюма,Две Дианы,544,"Мн.: ""Навука i тэхнiка""",1991,/media/andrew/00D83D2AD83D1F7A/Work/Books_files/DSCN1020_compressed.jpg,"Дюма, Александр. - Две Дианы. - 544 с. - Мн.: ""Навука i тэхнiка"", 1991"
Александр М Волков,Урфин Джюс и его деревянные солдаты,200,"Мн.: ""Нар. асвета""",1973,/media/andrew/00D83D2AD83D1F7A/Work/Books_files/DSCN1026_compressed.jpg,"Волков, Александр М. - Урфин Джюс и его деревянные солдаты. - 200 с. - Мн.: ""Нар. асвета"", 1973"
Сергей Есенин,Стихотворения и поэмы,224,"Мн.: ""Нар. асвета""",1971,/media/andrew/00D83D2AD83D1F7A/Work/Books_files/DSCN1046_compressed.jpg,"Есенин, Сергей. - Стихотворения и поэмы. - 224 с. - Мн.: ""Нар. асвета"", 1971"
Умберто Эко,Имя розы,528,"Мн.: ""Сказ""",1993,/media/andrew/00D83D2AD83D1F7A/Work/Books_files/DSCN1019_compressed.jpg,"Эко, Умберто. - Имя розы. - 528 с. - Мн.: ""Сказ"", 1993"
Владислав Реймонт,Последний сейм Речи Посполитой,336,Мн.: Беларусь,1994,/media/andrew/00D83D2AD83D1F7A/Work/Books_files/DSCN1052_compressed.jpg,"Реймонт, Владислав. - Последний сейм Речи Посполитой. - 336 с. - Мн.: Беларусь, 1994"
Федор М Достоевский,Униженные и оскорбленные,350,Мн.: Беларусь,1979,/media/andrew/00D83D2AD83D1F7A/Work/Books_files/DSCN1102_compressed.jpg,"Достоевский, Федор М. - Униженные и оскорбленные. - 350 с. - Мн.: Беларусь, 1979"
Александр Р Беляев,Прыжок в ничто; Властелин мира,383,Мн.: Беларусь,1982,/media/andrew/00D83D2AD83D1F7A/Work/Books_files/DSCN1053_compressed.jpg,"Беляев, Александр Р. - Прыжок в ничто; Властелин мира. - 383 с. - Мн.: Беларусь, 1982"
Жорж Санд,"Консуэло, т.1-2",429,Мн.: Беларусь,1989,/media/andrew/00D83D2AD83D1F7A/Work/Books_files/DSCN1116_compressed.jpg,"Санд, Жорж. - Консуэло, т.1-2. - 429 с., 446 с. - Мн.: Беларусь, 1989"
Василий Г Ян,К последнему морю; Юность полководца,495,Мн.: Беларусь,1982,/media/andrew/00D83D2AD83D1F7A/Work/Books_files/DSCN1056_compressed.jpg,"Ян, Василий Г. - К последнему морю; Юность полководца. - 495 с. - Мн.: Беларусь, 1982"
Эрих М Ремарк,Тени в раю; Жизнь взаймы,605,Мн.: Беларусь,1989,/media/andrew/00D83D2AD83D1F7A/Work/Books_files/DSCN1103_compressed.jpg,"Ремарк, Эрих М. - Тени в раю; Жизнь взаймы. - 605 с. - Мн.: Беларусь, 1989"
Эрих М Ремарк,Тени в раю; Жизнь взаймы,605,Мн.: Беларусь,1990,/media/andrew/00D83D2AD83D1F7A/Work/Books_files/DSCN1055_compressed.jpg,"Ремарк, Эрих М. - Тени в раю; Жизнь взаймы. - 605 с. - Мн.: Беларусь, 1990"
Дейл Карнеги,Как завоевывать друзей и оказывать влияние на людей..,670,Мн.: Беларусь,1990,/media/andrew/00D83D2AD83D1F7A/Work/Books_files/DSCN1057_compressed.jpg,"Карнеги, Дейл. - Как завоевывать друзей и оказывать влияние на людей... - 670 с. - Мн.: Беларусь, 1990"
Эрик Кестнер,Мальчик из спичечной коробки,253,Мн.: БелЭн,1993,/media/andrew/00D83D2AD83D1F7A/Work/Books_files/DSCN1137_compressed.jpg,"Кестнер, Эрик. - Мальчик из спичечной коробки. - 253 с. - Мн.: БелЭн, 1993"
Иван Ефремов,Таис Афинская,493,"Мн.: БКМП ""Крок уперад""",1993,/media/andrew/00D83D2AD83D1F7A/Work/Books_files/DSCN1060_compressed.jpg,"Ефремов, Иван. - Таис Афинская. - 493 с. - Мн.: БКМП ""Крок уперад"", 1993"
Чарльз Диккенз,Тайна Эдвина Друда,272,Мн.: Выш. шк.,1985,/media/andrew/00D83D2AD83D1F7A/Work/Books_files/DSCN1035_compressed.jpg,"Диккенз, Чарльз. - Тайна Эдвина Друда. - 272 с. - Мн.: Выш. шк., 1985"
Мельников Павел И,"На горах, т.1-2",590,Мн.: Выш. шк.,1987,/media/andrew/00D83D2AD83D1F7A/Work/Books_files/DSCN1114_compressed.jpg,"Мельников Павел И. - На горах, т.1-2. - 590 с., 496 с. - Мн.: Выш. шк., 1987"
Василий Г Ян,Батый,352,Мн.: Выш. школа,1982,/media/andrew/00D83D2AD83D1F7A/Work/Books_files/DSCN1058_compressed.jpg,"Ян, Василий Г. - Батый. - 352 с. - Мн.: Выш. школа, 1982"
В. и др Воднев,Основные математические формулы,336,Мн.: Выш.школа,1980,/media/andrew/00D83D2AD83D1F7A/Work/Books_files/DSCN1121_compressed.jpg,"Воднев, В. и др. - Основные математические формулы. - 336 с. - Мн.: Выш.школа, 1980"
Теодор Драйзер,Дженни Герхардт,336,Мн.: Выэйшая школа,1987,/media/andrew/00D83D2AD83D1F7A/Work/Books_files/DSCN1123_compressed.jpg,"Драйзер, Теодор. - Дженни Герхардт. - 336 с. - Мн.: Выэйшая школа, 1987"
Стендаль,Красное и черное,455,Мн.: Гос. изд-во БССР,1956,/media/andrew/00D83D2AD83D1F7A/Work/Books_files/DSCN1153_compressed.jpg,"Стендаль. - Красное и черное. - 455 с. - Мн.: Гос. изд-во БССР, 1956"
Мартти Ларни,Прекрасная свинарка; Об этом помалкивают,352,"Мн.: изд-во ""Университетское""",1987,/media/andrew/00D83D2AD83D1F7A/Work/Books_files/DSCN1031_compressed.jpg,"Ларни, Мартти. - Прекрасная свинарка; Об этом помалкивают. - 352 с. - Мн.: изд-во ""Университетское"", 1987"
Александр Р Беляев,Человек-амфибия; Звезда Кэц,328,Мн.: изд-во мин-ва просвещения БССР,1959,/media/andrew/00D83D2AD83D1F7A/Work/Books_files/DSCN1040_compressed.jpg,"Беляев, Александр Р. - Человек-амфибия; Звезда Кэц. - 328 с. - Мн.: изд-во мин-ва просвещения БССР, 1959"
Василий Г Ян,Чингиз-Хан,303,Мн.: Маст. лiт.,1982,/media/andrew/00D83D2AD83D1F7A/Work/Books_files/DSCN1075_compressed.jpg,"Ян, Василий Г. - Чингиз-Хан. - 303 с. - Мн.: Маст. лiт., 1982"
Вальтер Скотт,Айвенго,368,Мн.: Маст. лiт.,1978,/media/andrew/00D83D2AD83D1F7A/Work/Books_files/DSCN1005_compressed.jpg,"Скотт, Вальтер. - Айвенго. - 368 с. - Мн.: Маст. лiт., 1978"
Морис Дрюон,Железный король; Узница Шато-Гийара,413,Мн.: Маст. лiт.,1981,/media/andrew/00D83D2AD83D1F7A/Work/Books_files/DSCN1037_compressed.jpg,"Дрюон, Морис. - Железный король; Узница Шато-Гийара. - 413 с. - Мн.: Маст. лiт., 1981"
Майн Рид,Всадник без головы,446,Мн.: Маст. лiт.,1984,/media/andrew/00D83D2AD83D1F7A/Work/Books_files/DSCN1085_compressed.jpg,"Рид, Майн. - Всадник без головы. - 446 с. - Мн.: Маст. лiт., 1984"
Артур К Дойл,Записки о Шерлоке Холмсе,448,Мн.: Маст. лiт.,1984,/media/andrew/00D83D2AD83D1F7A/Work/Books_files/DSCN1036_compressed.jpg,"Дойл, Артур К. - Записки о Шерлоке Холмсе. - 448 с. - Мн.: Маст. лiт., 1984"
Теодор Драйзер,Сестра Керри,495,Мн.: Маст. лiт.,1988,/media/andrew/00D83D2AD83D1F7A/Work/Books_files/DSCN1124_compressed.jpg,"Драйзер, Теодор. - Сестра Керри. - 495 с. - Мн.: Маст. лiт., 1988"
Генрих Сенкевич,Крестоносцы,654,Мн.: Маст. лiт.,1983,/media/andrew/00D83D2AD83D1F7A/Work/Books_files/DSCN1094_compressed.jpg,"Сенкевич, Генрих. - Крестоносцы. - 654 с. - Мн.: Маст. лiт., 1983"
Вальтер Скотт,"Черный карлик; Пертская красавица, или День святого Валентина",368,Мн.: Мока-имидж,1992,/media/andrew/00D83D2AD83D1F7A/Work/Books_files/DSCN1130_compressed.jpg,"Скотт, Вальтер. - Черный карлик; Пертская красавица, или День святого Валентина. - 368 с. - Мн.: Мока-имидж, 1992"
Александр Дюма,Королева Марго,574,Мн.: Навука i тэхнiка,1990,/media/andrew/00D83D2AD83D1F7A/Work/Books_files/DSCN1064_compressed.jpg,"Дюма, Александр. - Королева Марго. - 574 с. - Мн.: Навука i тэхнiка, 1990"
Джек Лондон,Маленькая хозяйка большого дома; Сердца трех,591,Мн.: Навука i тэхнiка,1987,/media/andrew/00D83D2AD83D1F7A/Work/Books_files/DSCN1063_compressed.jpg,"Лондон, Джек. - Маленькая хозяйка большого дома; Сердца трех. - 591 с. - Мн.: Навука i тэхнiка, 1987"
Марк Твен,Приключения Тома Сойера,224,Мн.: Нар. асвета,1978,/media/andrew/00D83D2AD83D1F7A/Work/Books_files/DSCN1135_compressed.jpg,"Твен, Марк. - Приключения Тома Сойера. - 224 с. - Мн.: Нар. асвета, 1978"
Астрид Линдгрен,Три повести о Малыше и Карлсоне,320,Мн.: Нар. асвета,1980,/media/andrew/00D83D2AD83D1F7A/Work/Books_files/DSCN1012_compressed.jpg,"Линдгрен, Астрид. - Три повести о Малыше и Карлсоне. - 320 с. - Мн.: Нар. асвета, 1980"
Чарльз Диккенз,Приключения Оливера Твиста,366,Мн.: Нар. асвета,1980,/media/andrew/00D83D2AD83D1F7A/Work/Books_files/DSCN1039_compressed.jpg,"Диккенз, Чарльз. - Приключения Оливера Твиста. - 366 с. - Мн.: Нар. асвета, 1980"
Теодор Драйзер,Финансист,534,Мн.: Нар. асвета,1987,/media/andrew/00D83D2AD83D1F7A/Work/Books_files/DSCN1122_compressed.jpg,"Драйзер, Теодор. - Финансист. - 534 с. - Мн.: Нар. асвета, 1987"
Иван А Гончаров,Обрыв,736,Мн.: Нар. асвета,1985,/media/andrew/00D83D2AD83D1F7A/Work/Books_files/DSCN1079_compressed.jpg,"Гончаров, Иван А. - Обрыв. - 736 с. - Мн.: Нар. асвета, 1985"
Джек Лондон,Повести и рассказы,319,Мн.: Наука и техника,1982,/media/andrew/00D83D2AD83D1F7A/Work/Books_files/DSCN1078_compressed.jpg,"Лондон, Джек. - Повести и рассказы. - 319 с. - Мн.: Наука и техника, 1982"
В Чантурия,Архитектурные памятники Белоруссии,223,Мн.: Полымя,1982,/media/andrew/00D83D2AD83D1F7A/Work/Books_files/DSCN1182_compressed.jpg,"Чантурия, В. - Архитектурные памятники Белоруссии. - 223 с. - Мн.: Полымя, 1982"
Роберт Кийосаки,"Богатый папа, бедный папа",224,Мн.: Попурри,2014,/media/andrew/00D83D2AD83D1F7A/Work/Books_files/DSCN1163_compressed.jpg,"Кийосаки, Роберт. - Богатый папа, бедный папа. - 224 с. - Мн.: Попурри, 2014"
Генри Форд,"Моя жизнь, мои достижения",352,Мн.: Попурри,2014,/media/andrew/00D83D2AD83D1F7A/Work/Books_files/DSCN1162_compressed.jpg,"Форд, Генри. - Моя жизнь, мои достижения. - 352 с. - Мн.: Попурри, 2014"
Михаил Булгаков,Сочинения,432,Мн.: Университетское,1988,/media/andrew/00D83D2AD83D1F7A/Work/Books_files/DSCN1177_compressed.jpg,"Булгаков, Михаил. - Сочинения. - 432 с. - Мн.: Университетское, 1988"
Николай В Гоголь,Вечера на хуторе близ Диканьки,192,Мн.: Юнацтва,1981,/media/andrew/00D83D2AD83D1F7A/Work/Books_files/DSCN1007_compressed.jpg,"Гоголь, Николай В. - Вечера на хуторе близ Диканьки. - 192 с. - Мн.: Юнацтва, 1981"
Марк Твен,Приключения Тома Сойера,272,Мн.: Юнацтва,1991,/media/andrew/00D83D2AD83D1F7A/Work/Books_files/DSCN1136_compressed.jpg,"Твен, Марк. - Приключения Тома Сойера. - 272 с. - Мн.: Юнацтва, 1991"
Виталий Губарев,Королевство кривых зеркал,286,Мн.: Юнацтва,1990,/media/andrew/00D83D2AD83D1F7A/Work/Books_files/DSCN1138_compressed.jpg,"Губарев, Виталий. - Королевство кривых зеркал. - 286 с. - Мн.: Юнацтва, 1990"
Джеймс Ф Купер,"Последний из могикан, или повествование о 1757 годе",288,Мн.: Юнацтва,1983,/media/andrew/00D83D2AD83D1F7A/Work/Books_files/DSCN1004_compressed.jpg,"Купер, Джеймс Ф. - Последний из могикан, или повествование о 1757 годе. - 288 с. - Мн.: Юнацтва, 1983"
Алексей Толстой,Аэлита; Гиперболоид инженера Гарина,398,Мн.: Юнацтва,1987,/media/andrew/00D83D2AD83D1F7A/Work/Books_files/DSCN1041_compressed.jpg,"Толстой, Алексей. - Аэлита; Гиперболоид инженера Гарина. - 398 с. - Мн.: Юнацтва, 1987"
Александр Дюма,"Двадцать лет спустя, т.1-2",447,Мн.: Юнацтва,1992,/media/andrew/00D83D2AD83D1F7A/Work/Books_files/DSCN1134_compressed.jpg,"Дюма, Александр. - Двадцать лет спустя, т.1-2. - 447 с., 431 с. - Мн.: Юнацтва, 1992"
Григорий Адамов,Тайна двух океанов,463,Мн.: Юнацтва,1986,/media/andrew/00D83D2AD83D1F7A/Work/Books_files/DSCN1051_compressed.jpg,"Адамов, Григорий. - Тайна двух океанов. - 463 с. - Мн.: Юнацтва, 1986"
Рафаэлло Джованьоли,Спартак,655,Мн.: Юнацтва,1988,/media/andrew/00D83D2AD83D1F7A/Work/Books_files/DSCN1029_compressed.jpg,"Джованьоли, Рафаэлло. - Спартак. - 655 с. - Мн.: Юнацтва, 1988"
Александр Дюма,Три мушкетера,748,Мн.: Юнацтва,1989,/media/andrew/00D83D2AD83D1F7A/Work/Books_files/DSCN1148_compressed.jpg,"Дюма, Александр. - Три мушкетера. - 748 с. - Мн.: Юнацтва, 1989"
Эдгар Берроуз,Тарзан в золотом городе,169,"Рига, 1991.",1991,/media/andrew/00D83D2AD83D1F7A/Work/Books_files/DSCN1010_compressed.jpg,"Берроуз, Эдгар. - Тарзан в золотом городе. - 169 с. - Рига, 1991."
Жорж Санд,Графиня Рудольштадт,508,"Симферополь: ""ТАВРИЯ""",1992,/media/andrew/00D83D2AD83D1F7A/Work/Books_files/DSCN1092_compressed.jpg,"Санд, Жорж. - Графиня Рудольштадт. - 508 с. - Симферополь: ""ТАВРИЯ"", 1992"
Стивен Кинг,"Лангоньеры; Потаенное окно, потаенный сад; Полицейский из библиотеки; Солнечный пес",828,"СПб.: ""ИМА-пресс-реклама"",1993",1993,/media/andrew/00D83D2AD83D1F7A/Work/Books_files/DSCN1062_compressed.jpg,"Кинг, Стивен. - Лангоньеры; Потаенное окно, потаенный сад; Полицейский из библиотеки; Солнечный пес. - 828 с. - СПб.: ""ИМА-пресс-реклама"",1993"
Петров Е Ильф И.,Двенадцать стульев; Золотой теленок,752,"СПб.: ""Кристалл""",2001,/media/andrew/00D83D2AD83D1F7A/Work/Books_files/DSCN1017_compressed.jpg,"Ильф И., Петров Е. - Двенадцать стульев; Золотой теленок. - 752 с. - СПб.: ""Кристалл"", 2001"
Ги де Мопассан,Милый друг,416,СПб.: Азбука,2013,/media/andrew/00D83D2AD83D1F7A/Work/Books_files/DSCN1210_compressed.jpg,"Мопассан, Ги де. - Милый друг. - 416 с. - СПб.: Азбука, 2013"
Роберт Л Стивенсон,Приключения принца Флоризеля,448,СПб.: Азбука,2013,/media/andrew/00D83D2AD83D1F7A/Work/Books_files/DSCN1205_compressed.jpg,"Стивенсон, Роберт Л. - Приключения принца Флоризеля. - 448 с. - СПб.: Азбука, 2013"
Исаак Бабель,Одесские рассказы,448,СПб.: Азбука,2013,/media/andrew/00D83D2AD83D1F7A/Work/Books_files/DSCN1208_compressed.jpg,"Бабель, Исаак. - Одесские рассказы. - 448 с. - СПб.: Азбука, 2013"
Борис Пастернак,Доктор Живаго,608,СПб.: Азбука,2013,/media/andrew/00D83D2AD83D1F7A/Work/Books_files/DSCN1206_compressed.jpg,"Пастернак, Борис. - Доктор Живаго. - 608 с. - СПб.: Азбука, 2013"
Уильям Шекспир,Трагедии,672,СПб.: Азбука,2014,/media/andrew/00D83D2AD83D1F7A/Work/Books_files/DSCN1118_compressed.jpg,"Шекспир, Уильям. - Трагедии. - 672 с. - СПб.: Азбука, 2014"
Ярослав Гашек,Похождения бравого солдата Швейка,704,СПб.: Азбука,2013,/media/andrew/00D83D2AD83D1F7A/Work/Books_files/DSCN1209_compressed.jpg,"Гашек, Ярослав. - Похождения бравого солдата Швейка. - 704 с. - СПб.: Азбука, 2013"
Виктор Гюго,Отверженные,1248,СПб.: Азбука,2013,/media/andrew/00D83D2AD83D1F7A/Work/Books_files/DSCN1151_compressed.jpg,"Гюго, Виктор. - Отверженные. - 1248 с. - СПб.: Азбука, 2013"
Джеймс Клавелл,Гайдзин,1231,СПб.: Амфора,2009,/media/andrew/00D83D2AD83D1F7A/Work/Books_files/DSCN1195_compressed.jpg,"Клавелл, Джеймс. - Гайдзин. - 1231 с. - СПб.: Амфора, 2009"
Джеймс Клавелл,Благородный дом: Роман о Гонконге,1276,СПб.: Амфора,2010,/media/andrew/00D83D2AD83D1F7A/Work/Books_files/DSCN1194_compressed.jpg,"Клавелл, Джеймс. - Благородный дом: Роман о Гонконге. - 1276 с. - СПб.: Амфора, 2010"
Mario Puzo,The Godfather,384,СПб.: Антология,2012,/media/andrew/00D83D2AD83D1F7A/Work/Books_files/DSCN1161_compressed.jpg,"Puzo, Mario. - The Godfather. - 384 с. - СПб.: Антология, 2012"
Дэвид Скиена,Алгоритмы: руководство по разработке,720,Спб.: БХВ-Петербург,2013,/media/andrew/00D83D2AD83D1F7A/Work/Books_files/DSCN1172_compressed.jpg,"Скиена, Дэвид. - Алгоритмы: руководство по разработке. - 720 с. - Спб.: БХВ-Петербург, 2013"
George Orwell,1984,384,СПб.: Каро,2012,/media/andrew/00D83D2AD83D1F7A/Work/Books_files/DSCN1155_compressed.jpg,"Orwell, George. - 1984. - 384 с. - СПб.: Каро, 2012"
Дуг Пэтт,Как стать архитектором,144,СПб.: Питер,2013,/media/andrew/00D83D2AD83D1F7A/Work/Books_files/DSCN1160_compressed.jpg,"Пэтт, Дуг. - Как стать архитектором. - 144 с. - СПб.: Питер, 2013"
Джон Ральф; Влиссидес Ричард; Джонсон Эрих; Хелм Гамма,Приемы объектно-ориентированного проектирования,368,СПб.: Питер,2013,/media/andrew/00D83D2AD83D1F7A/Work/Books_files/DSCN1171_compressed.jpg,"Гамма, Эрих; Хелм, Ричард; Джонсон, Ральф; Влиссидес, Джон. - Приемы объектно-ориентированного проектирования. - 368 с. - СПб.: Питер, 2013"
Майкл Файер,Абсолютный минимум,384,СПб.: Питер,2016,/media/andrew/00D83D2AD83D1F7A/Work/Books_files/DSCN1166_compressed.jpg,"Файер, Майкл. - Абсолютный минимум. - 384 с. - СПб.: Питер, 2016"
Роберт Мартин,Чистый код,464,СПб.: Питер,2016,/media/andrew/00D83D2AD83D1F7A/Work/Books_files/DSCN1170_compressed.jpg,"Мартин, Роберт. - Чистый код. - 464 с. - СПб.: Питер, 2016"
Брэм Стокер,Скорбь Сатаны,383,Таллин: GART,1991,/media/andrew/00D83D2AD83D1F7A/Work/Books_files/DSCN1088_compressed.jpg,"Стокер, Брэм. - Скорбь Сатаны. - 383 с. - Таллин: GART: 1991"
Александра Риплей,Скарлетт,752,Ташкент: полигр. объединение Г. Гуляма,1992,/media/andrew/00D83D2AD83D1F7A/Work/Books_files/DSCN1080_compressed.jpg,"Риплей, Александра. - Скарлетт. - 752 с. - Ташкент: полигр. объединение Г. Гуляма, 1992"
Владимир Набоков,Лолита,336,Экопрос,1992,/media/andrew/00D83D2AD83D1F7A/Work/Books_files/DSCN1095_compressed.jpg,"Набоков, Владимир. - Лолита. - 336 с. - Экопрос, 1992"
,Индиана Джонс: романы: Остров (Бенчли П.); Большая земля (Беннет Д.); Неукротимый маршал (Вайтингтон Г.); Индиана Джонс (Кэмпбэлл Б.),0,"СПб.: ""ЛИК""",1993,/media/andrew/00D83D2AD83D1F7A/Work/Books_files/DSCN1028_compressed.jpg,"Индиана Джонс: романы: Остров (Бенчли П.); Большая земля (Беннет Д.); Неукротимый маршал (Вайтингтон Г.); Индиана Джонс (Кэмпбэлл Б.). - СПб.: ""ЛИК"", 1993"
,1000 советов по экономии в быту,272,М.: Экономика,1990,/media/andrew/00D83D2AD83D1F7A/Work/Books_files/DSCN1089_compressed.jpg,"1000 советов по экономии в быту. - 272 с. - М.: Экономика, 1990"
,Мудрость Страны восходящего солнца,304,М.: ОЛМА Медиа Групп,2011,/media/andrew/00D83D2AD83D1F7A/Work/Books_files/DSCN1212_compressed.jpg,"Мудрость Страны восходящего солнца. - 304 с. - М.: ОЛМА Медиа Групп, 2011"
,Итальянская новелла Возвождения,319,Мн.: Маст. лiт.,1985,/media/andrew/00D83D2AD83D1F7A/Work/Books_files/DSCN1100_compressed.jpg,"Итальянская новелла Возвождения. - 319 с. - Мн.: Маст. лiт., 1985"
,Тайна одной башни: Повести,350,Мн.: Юнацтва,1988,/media/andrew/00D83D2AD83D1F7A/Work/Books_files/DSCN1183_compressed.jpg,"Тайна одной башни: Повести. - 350 с. - Мн.: Юнацтва, 1988"
,Челюсти-2: Леопард (Рид В.); Челюсти-2 (Сирлз Х.),352,"М.: ""ИнтерДайджест""",1995,/media/andrew/00D83D2AD83D1F7A/Work/Books_files/DSCN1022_compressed.jpg,"Челюсти-2: Леопард (Рид В.); Челюсти-2 (Сирлз Х.). - 352 с. - М.: ""ИнтерДайджест"", 1995"
,Челюсти: Челюсти (Бенчли П.); Страх (Хаббард Р.),352,"М.: ""ИнтерДайджест""",1993,/media/andrew/00D83D2AD83D1F7A/Work/Books_files/DSCN1023_compressed.jpg,"Челюсти: Челюсти (Бенчли П.); Страх (Хаббард Р.). - 352 с. - М.: ""ИнтерДайджест"", 1993"
,"Шифр ""Х"" (Хмелевска И.); Мститель (Кард, С.)",352,М.: Интердайджест,1993,/media/andrew/00D83D2AD83D1F7A/Work/Books_files/DSCN1024_compressed.jpg,"Мститель: Хмелевска И. - Шифр ""Х""; Кард, С. - Мститель. - 352 с. - М.: Интердайджест, 1993"
,Наука и человечество: международный ежегодник,398,"М.: ""Знание""",1978,/media/andrew/00D83D2AD83D1F7A/Work/Books_files/DSCN1001_compressed.jpg,"Наука и человечество: международный ежегодник. - 398 с. - М.: ""Знание"", 1978"
,Библия в пересказе для детей: Ветхий и Новый завет,437,М.: Рос. библейское общество,1995,/media/andrew/00D83D2AD83D1F7A/Work/Books_files/DSCN1191_compressed.jpg,"Библия в пересказе для детей: Ветхий и Новый завет. - 437 с. - М.: Рос. библейское общество, 1995"
,Герои и антигерои отечества,447,М.: Информэкспресс,1992,/media/andrew/00D83D2AD83D1F7A/Work/Books_files/DSCN1127_compressed.jpg,"Герои и антигерои отечества. - 447 с. - М.: Информэкспресс, 1992"
Борис Пастернак,Стихотворения. Поэмы,447,Пермь,1989,/media/andrew/00D83D2AD83D1F7A/Work/Books_files/DSCN1000_compressed.jpg,"Пастернак, Борис. - Стихотворения. Поэмы. - 447 c. - Пермь, 1989."
,Продается планета: современная зарубежная фантастика,464,"Мн.: изд-во ""Университетское""",1988,/media/andrew/00D83D2AD83D1F7A/Work/Books_files/DSCN1098_compressed.jpg,"Продается планета: современная зарубежная фантастика. - 464 с. - Мн.: изд-во ""Университетское"", 1988"
,Энциклопедия юного знатока,480,Мн.: Современное слово,1997,/media/andrew/00D83D2AD83D1F7A/Work/Books_files/DSCN1119_compressed.jpg,"Энциклопедия юного знатока. - 480 с. - Мн.: Современное слово, 1997"
,Влюбленный дьявол,496,"""Мока-имидж""",1997,/media/andrew/00D83D2AD83D1F7A/Work/Books_files/DSCN1091_compressed.jpg,"Влюбленный дьявол. - 496 с. - ""Мока-имидж"", 1992"
,Тысяча и одна ночь,544,СПб.: Азбука,1997,/media/andrew/00D83D2AD83D1F7A/Work/Books_files/DSCN1207_compressed.jpg,"Тысяча и одна ночь. - 544 с. - СПб.: Азбука, 2013"
,Полная энциклопедия танков мира. 1915-2000 гг,576,Мн.: Харвест,1999,/media/andrew/00D83D2AD83D1F7A/Work/Books_files/DSCN1215_compressed.jpg,"Полная энциклопедия танков мира. 1915-2000 гг. - 576 с. - Мн.: Харвест, 1999"
,Новый завет и Псалтирь,641,М.: RICORP,1993,/media/andrew/00D83D2AD83D1F7A/Work/Books_files/DSCN1108_compressed.jpg,"Новый завет и Псалтирь. - 641 c. - М.: RICORP, 1993"
,Библия: книги Священного писания Ветхого и Нового завета,1337,М.: Рос. библейское общество,2000,/media/andrew/00D83D2AD83D1F7A/Work/Books_files/DSCN1193_compressed.jpg,"Библия: книги Священного писания Ветхого и Нового завета. - 1337 с. - М.: Рос. библейское общество, 2000"
